{
  "total_samples": 2000,
  "regions": {
    "transition_zone": {
      "count": 299,
      "fraction": 0.1495,
      "J_mean": 0.7547378615406727,
      "J_std": 0.45018254077990133,
      "J_max": 1.8734090523948714,
      "J_min": 0.004499292279256783
    },
    "boundary_collapse": {
      "count": 1701,
      "fraction": 0.8505,
      "J_mean": -11.755325603917596,
      "J_std": 8.221316757102317,
      "J_max": -0.0005291441578775223,
      "J_min": -28.28428492843144
    }
  }
}